id,date,time,agency,subagency,location,purpose,notes
135500,4/1/2020,9:00 AM,WV Department of Transportation,Division of Highways Specifications Committee,Skype Meeting. The phone in conference number is:  (681) 245-6817.  Audio conferencing pin is: 573737348 ,Specifications Committee meets every other month to review and recommend actions on proposed Specifications and Special Provisions.,
135475,4/1/2020,9:00 AM,WV Statewide Independent Living Council, Full council,Disregard previous notice. See info below to join. https://zoom.us/j/364259362 Meeting ID: 364 259 362 1-646-558-8656 meeting ID 364 259 362 Questions? Contact Kathi Young at 855-855-9743 or 304-766-4624 or Kathi.Young@wvsilc.org. ,Regular meeting,
135469,4/1/2020,9:00 AM,WV Statewide Independent Living Council, Full Meeting,"Meeting held by ZOOM. Use the info below to join. https://zoom.us/j/403359243 Meeting ID: 403 359 243 1-646-558-8656 meeting ID 403 359 243 If you have any questions,contact Kathi Young at 855-855-9743 or 304-766-4624 or Kathi.Young@wvsilc.org.",Regular meeting,
134646,4/1/2020,9:30 AM,West Virginia Infrastructure & Jobs Development CouncilCouncil Meeting,,"1009 Bullitt Street Charleston, WV 25301","Monthly Council Meeting to review water, sewer, economic development and other requests and to conduct monthly Council Business.",
135494,4/1/2020,10:00 AM,Revenue,WV Alcohol Beverage Control Administration Administration,"CONFERENCE CALL ONLY WVABCA, 900 Pennsylvania Ave. Charleston, WV 25302 Call Lynn Patrick @ 304-356-5501 for call-in number and access code.",For the Retail Liquor Licensing Board to address items on the agenda.,
134446,4/1/2020,2:00 PM,Fairmont State University Board of Governors, Finance Committee,"1201 Locust Avenue 219 Hardway Fairmont, WV 26554",Regular Scheduled Meeting,
135496,4/1/2020,3:00 PM,Finance CommitteeWest Liberty University,,"West Liberty University, East Conference Room, 208 University Drive, West Liberty, WV 26074","Discuss University finances, 2021 Budget/Tuition & Fees",
135495,4/1/2020,4:00 PM,West Liberty University Board of GovernorsWest Liberty University,,"West Liberty University, Shaw Hall Board Room, 208 University Drive, West Liberty, WV 26074","Approval of minutes, program reviews, Master in Art Therapy and Counseling Proposal, MAEd Leadership Track, Change Name of the Department of Journalism, Communication Studies and Visual Arts, Split the Department of Natural Sciences and Mathematics, Honorary Degree Approval, Notice of Intent for Board of Governors Policies, FY 2021 Budget/Tuition & Fees Approval",
134361,4/2/2020,10:00 AM,WV Ethics Commission,,Via Conference Call To Join: dial (517) 308-6068 Pin: 52019837#,"Consider advisory opinion requests, contract exemptions, employment exemption requests, investigative matters and miscellaneous items.  The agenda is available on Friday before the meeting at the Commission's office and online at ethics.wv.gov.",
135471,4/2/2020,11:00 AM,Athletic Commission,,"Conference call at 900 Pennsylvania Ave, Charleston, WV",Approve minutes of previous meeting;Approve officials and fight cards for upcoming events.,
135489,4/2/2020,12:15 PM,Board of Directors,Public Defender Services 11th Judicial Circuit,Call-in or On-line Meeting Dial-in number: (515) 606-5436 Access code: 109116# Online meeting ID: edwardsjoshua Join the online meeting: https://join.freeconferencecall.com/edwardsjoshua ,Quarterly Board of Directors Meeting,
135502,4/2/2020,3:30 PM,West Virginia University Board of Governors, Special Meeting,Teleconference: Dial 888-394-8197; Code: 916691,"1. Call to Order; 2. Discuss and act upon matters relating to West Virginia Universitys ongoing response to the COVID-19 pandemic; 3. Possible Executive Session, under authority in West Virginia Code Section 6-9A-4(b)(9) and (12), to discuss confidential legal, personnel, and deliberative matters relating to West Virginia Universitys ongoing response to the COVID-19 pandemic; 4. Possible discussion and/or action emanating from Executive Session, if any; and 5. Adjournment. ",
135371,4/2/2020,6:00 PM,Board of Governors,New River Community and Technical College Board of Governors,The meeting will be broadcast over Zoom. Please see the meeting details below. Conference Number: 1-929-436-2866 Meeting ID: 599 003 440,Regularly scheduled Board of Governors meeting.  The agenda will be posted prior to the meeting at www.newriver.edu.,
135508,4/2/2020,7:30 PM,Town of Eleanor,,"401 Roosevelt Blvd. Eleanor, WV 25070",Regular council meeting,
135487,4/3/2020,10:00 AM,West Virginia Board of Barbers and Cosmetologists,,"1201 Dunbar Avenue, Dunbar, WV 25064",Regular Meeting,
135506,4/3/2020,10:00 AM,West Virginia Board of Examiners in Counseling,, Teleconference, Board Meeting,
135523,4/3/2020,10:00 AM,WV Board of Banking and Financial InstitutionsWV Division of Financial Institutions,,"Conference Room of the West Virginia Division of Financial Institutions, third floor, 900 Pennsylvania Ave, Suite 306, Charleston, West Virginia and teleconference.",To consider an application to purchase certain assets and assume certain liabilities of a banking institution. The meeting is necessary to preserve operational continuity and prevent imminent material loss and substantial harm to members of the public served by the agency. ,This is an emergency meeting.
135410,4/3/2020,11:00 AM,Robert C Byrd Corridor H Highway Authority,,"Randolph County Development Authority 10 11th Street Elkins, WV 26241",Regular Quarterly Meeting,
135482,4/3/2020,11:00 AM,WVBOTWVBOT,,1063 Maple Dr. Suite 4B Morgantown WV,"Approve and review Jan 31, 2020 minutes, Executive Session to review licensee issues, review purchase card purchases, treasurer's report, general correspondence, develop COVID-19/telehealth response, discuss licensing database software proposals, CE options due to cancellation of conference, Confidentiality agreements, Modification of 13CSR2, CE Conference 2021",
135516,4/3/2020,3:00 PM,"Registered Professional Nurses, WV Board of Examiners for",,Due to regulations related to the COVID-19 pandemic this meeting being held by conference call 1-888-240-3210 Access Code 9945481,"The purpose of this meeting is to discuss matters related to the WV Board of Examiners for Registered Professional Nurses ongoing response to the COVID-19 pandemic, including review and consideration of the emergency regulatory changes in response to gubernatorial Executive Orders and the current State of Emergency.",This is an emergency meeting.
135534,4/3/2020,5:30 PM,City Council,,City Hall Council Chambers,Emergency Executive Meeting to discuss staff operations and dealing with Covid-19.,This is an emergency meeting.
135530,4/6/2020,9:00 AM,Greenbrier County Board of HealthGreenbrier County Health Department,,Greenbrier County Health Department Auditorium / Conference Call,Special Session Meeting to Address the Families First with Coronavirus Response Act,This is an emergency meeting.
135339,4/6/2020,9:00 AM,WV Real Estate Appraiser Licensing and Certification Board, Standards & Upgrades Committee,Via Conference Call,Consider allegations/complaints and upgrade applications,
135507,4/6/2020,10:00 AM,WVBOP,WVBOP WVBOP,"Board Office - Conference Call 2310 Kanawha Blvd East Charleston, WV 25311",Quarterly MeetingGeneral ReportsLegislative UpdateCovid-19 Update,
135515,4/6/2020,11:30 AM,2020 Census West Virginia Complete Count Commission ,,***Conference Call*** 712-770-4010 access code 908-139,Update on Census Operations and emerging health concerns related to COVID-19,
135540,4/6/2020,1:30 PM,Marion County Board of HealthMarion County Health Department,,Teleconference,Protect the health of Marion County citizens by restricting travel and permitting the sale of alcohol to WV residents only.  ,This is an emergency meeting.
134703,4/6/2020,3:00 PM,Board of Licensed Dietitians,,"101 Dee Drive Charleston, WV",Regularly scheduled Board meeting.  Agenda will be available one week prior to the meeting.,
135520,4/6/2020,4:30 PM,Board of  Directors28th Judicial Circuit Public Defenders,,"The office of Sproles Law Church Street Summersville, WV 266651",The purpose of this meeting is to discuss the roof issue and please note it will take place by teleconference.,This is an emergency meeting.
135505,4/6/2020,5:00 PM,"Medicine, Board of ", Board Meeting,"West Virginia Board of Medicine 101 Dee Drive, Suite 103 Charleston, West Virginia 25311","The general purpose of this meeting is to discuss and transact business of the West Virginia Board of Medicine, including  possible disciplinary action relating to medical doctors and the review of a recommended decision in a disciplinary proceeding.",
135521,4/7/2020,9:00 AM,Board of Governors Agenda CommitteeSouthern WV Community and Technical College,,Teleconference Meeting Dial: 1-877-382-0757 Code: 2187332 #,"To establish the agenda for the April 29, 2020, meeting of the Southern West Virginia Community and Technical College Board of Governors.",
135536,4/7/2020,10:00 AM,SERCWVDHSEM,,Conference Call Dial in info: 701-802-5012 Access Code: 688563# Online meeting ID: serc95 ,SERC Meeting,
135363,4/7/2020,10:00 AM,WVCFIA,WV Courthouse Facilities Improvement Authority Board of Directors,Conference Call - Please call our office prior to the meeting day to receive the call-in information if you would like to participate - 304-558-5435.,To conduct regular business. To consider time extension requests. To review Pcard purchases.,
135428,4/7/2020,1:30 PM,"West Virginia Commission on the ArtsWest Virginia Department of Arts, Culture & History",,Call-in meeting,Regular meeting of the West Virginia Commission on the Arts,
134709,4/7/2020,1:30 PM,"West Virginia Commission on the ArtsWest Virginia Department of Arts, Culture & History",,Call-in meeting,Regular quarterly call-in meeting of the West Virginia Commission on the Arts. ,
134451,4/7/2020,2:00 PM,Fairmont State University Board of Governors," Enrollment, Housing & Student Life Committee","1201 Locust Avenue 219 Hardway Fairmont, WV 26554",Regular Scheduled Meeting,
135550,4/7/2020,2:00 PM,Marshall University Research Corporation Board of Directors,Marshall University Research Corporation Adminstration Office,Conference Call Microsoft Teams ,to approve our submission for a payroll protection program,This is an emergency meeting.
135453,4/7/2020,5:00 PM,Dentistry,Dentistry Licensing & Permit Review Committee,"WV Board of Dentistry - Teleconference 1319 Robert C Byrd Drive Crab Orchard, WV 25827",To discuss possible recommended changes to licensing and permitting requirements as well as other recommendations for changes to WV dental statutes and rules.,
135381,4/8/2020,9:00 AM,Board of GovernorsBridgeValley Community & Technical College,,Via Online Video Conference Please email amy.moore@bridgevalley.edu for access instructions,Regularly scheduled business meeting.,
135340,4/8/2020,9:00 AM,WV Real Estate Appraiser Licensing and Certification Board,,Via Conference Call,Regular Board Meeting,
134895,4/8/2020,10:00 AM,Capitol Building Commission,,"Conference Call For call-in information, email Andrea.D.Thompson@wv.gov ",quarterly meeting; agenda will be posted 3 days prior to meeting at http://www.wvculture.org/agency/capitolbuildingcommission.html,
135485,4/8/2020,10:00 AM,EducationWest Virginia Board of Education,,"Capitol Building 6, Room 353 Teleconference Meeting) 1900 Kanawha Boulevard, East Charleston, West Virginia ","The West Virginia Board of Education (WVBE) will meet via teleconference to conduct routine/necessary business. The agenda for this meeting will be posted at https://wvde.us/state-board-of-education/agendas/ at least three business days prior to the meeting.  A live audio stream of the meeting will be available at http://wvde.state.wv.us/boe/live.html.In accordance with current guidelines and best practices recommended by federal and state health officials, only required staff will be permitted in the meeting room.  Instructions regarding the delegations portion of the agenda will be published in the agenda.",
135446,4/8/2020,11:00 AM,Board of Governors,Glenville State College Executive Committee,"Heflin Administration Building, President's Office Conference Room",To set agenda for upcoming meeting.,
135295,4/8/2020,1:30 PM,Outdoor Heritage Conservation Fund,Department of Commerce Division of Forestry,Remote Conference Meeting Only,"Regular Meeting of the OHCF Board of Trustees Due to Executive Order No. 9-20, and in compliance with the WV Ethics Commissions opinion regarding the Open Meetings Act during the coronavirus pandemic, trustee and citizen attendance for this meeting will be limited to telephonic conference access.  Any citizen wishing to attend this meeting will be able to join the meeting by conference call by calling +1 (312) 626-6799 US (Chicago) or +1 (929) 205-6099 US (New York) and entering Meeting ID: 475 187 326.",
135518,4/8/2020,2:00 PM,Board of Governors ,West Virginia University at Parkersburg Board of Governors Executive Committee,"300 Campus Drive Parkersburg, WV 26104 ","Regular meeting of the Board of Governors Executive Committee to discuss COVID-19 update, utilization of reserve funds to fund Strategic Recruitment Plan, and Presidential Contract.  Due to COVID-19 members will not meet face to face.  This meeting will take place via video conference.  For further details and instructions on how to attend the meeting please send a message to the following email address:  brady.whipkey@wvup.edu.",
135519,4/8/2020,3:15 PM,Board of Governors West Virginia University at Parkersburg,,"300 Campus Drive Parkersburg, WV 26104 ","Regular Board Meeting, to approve minutes from previous meeting; receive updates from Board Chair and College president; receive updates on Fiscal Services; approve resolutions for five-year program review, use of reserve funds, and presidents contract renewal.   Possible Executive Session under the authority of WV Code ยง6-9A-4-2A.  A complete agenda will be posted online prior to the Board meeting at http://www.wvup.edu/about/board-of-governors/agendas/.  Due to COVID-19 members will not meet face to face.  This meeting will take place via video conference.  For further details and instructions on how to attend the meeting please send a message to the following email address:  brady.whipkey@wvup.edu.",
135546,4/8/2020,5:00 PM,"Speech-Language Pathology & Audiology, WV Board of Examiners for",,Via Zoom Videoconference - Contact Patty Nesbitt @ 304-642-9962 for connection instructions if you would like to attend,To discuss and vote on suspending the Rule governing out of state telepractice practitioners and the requirement for licensure in WV during the COVID-19 emergency.To discuss the requirement for school SLPs to hold a license to practice when providing telepractice services.,This is an emergency meeting.
135547,4/8/2020,5:00 PM,"Speech-Language Pathology & Audiology, WV Board of Examiners for",,Via Zoom Videoconference - Contact Patty Nesbitt @ 304-642-9962 for connection instructions if you would like to attend,To discuss and vote on suspending the Rule governing out of state telepractice practitioners and the requirement for licensure in WV during the COVID-19 emergency.To discuss the requirement for school SLPs to hold a license to practice when providing telepractice services.,This is an emergency meeting.
135531,4/9/2020,9:00 AM,Parkways Authority,,"Via Telephonic Means WVPA Administration Building 3310 Piedmont Road Charleston, WV 25306 ","Please be advised that due to the COVID-19 pandemic, the monthly meeting of the West Virginia Parkways Authority Board will be held by telephonic means as follows:PURPOSE:  To consider and act upon all matters that may properly come before a meeting of the Parkways Authority Board.  These matters may include discussion of and possible Board action on the following:  Approval of the minutes of the February 6, 2020 Board Meeting; Approval for HNTB to design the following projects:  1) BDO-1-20  Skid surface overlay  Skitter Creek Bridge SB; 2) BDO-1-21  Skid surface overlay  Standard Bridge  SB; 3) RPM-1-21  Raised Pavement Markers; 4) BSP-1-21 - Bluestone Sewage Plant Replacement; and 5) BBR-1-21 - Bluestone Bridge Retrofit  Inspection and Scope Determination; Approval to purchase the following equipment from Statewide Contracts:  One (1) Ford F-250 X2B Class 25 Pickup Truck and One (1) GM Sierra Class 39 Pickup Truck; Approval to purchase new Audio Visual Systems (including installation) for Tamarack Conference Center from low bidder of three (3) bids; Discussion and/or approval of the following purchases (and installation or application as applicable):  Seven (7) Trucks from Statewide Contracts to include three (3) - GMC Sierra TK31043 Trucks and four (4) - RAM 3500 D28L92 Trucks; Smooth Protective Concrete Coating for Bridge Parapet Walls and Substructures; Roadway and Facility Sign Sheeting and Materials; Car Fleet Wash System with Product and Services; Approval of the following Contracts:  BWC-1-19 Rebid  Beckley West Crane; BWV-1-19  Beckley West Ventilation; BWS-1-19  Beckley West Fire Suppression; BWP-1-19  Beckley West Paint Booth; Approval of additional funds for current BFR-Bridge Facility Retrofit Project and Third (3rd) Addendum to Agreement with BB&T Scott and Stringfellow (for applicable services); and other items which may become apparent or need attention and may be added to the business agenda of the meeting; attention is called to the fact that the agenda of the meeting will be available three days in advance by calling 304-926-1900 or at the website www.wvturnpike.com; items of business may be added to the agenda up to 48 hours prior to the date of the meeting.  The Authority reserves the right to go into Executive Session for appropriate and lawful reasons upon proper motion and vote. ",
135528,4/9/2020,11:00 AM,Board of Governors,West Virginia State University Full Board,Meeting held by ZOOM. Join Zoom Meeting https://zoom.us/j/474881562 Meeting ID: 474 881 562 Telephone:1 312 626 6799 Meeting ID:474 881 562 ,"Discuss Legal, Personnel, Presidential Search  ",
134986,4/9/2020,12:00 PM,North Central Community Correction  North Central Community Correction  ,,North Central Community Correction Conference room ,Regular Scheduled meeting,
135532,4/9/2020,3:00 PM,Bluefield State College, Ad Hoc Committee on Athletics,"Boyd Conference Room Conley Hall - Room 201 Bluefield State College 219 Rock Street Bluefield, WV 24701 ",To consider matters related to intercollegiate athletics and athletic facilities/marketing at BSC,
135552,4/9/2020,3:00 PM,"Registered Professional Nurses, WV Board of Examiners for",,Due to regulations related to the COVID-19 pandemic this meeting being held by conference call 1-888-240-3210 Access Code 9945481 ,"The purpose of this meeting is to discuss matters related to the WV Board of Examiners for Registered Professional Nurses ongoing response to the COVID-19 pandemic, including review and consideration of the emergency regulatory changes in response to gubernatorial Executive Orders and the current State of Emergency.",This is an emergency meeting.
135526,4/9/2020,4:00 PM,Bluefield State College, Bluefield State College Board of Governors,"Dial In: 262.735.4572 Email jmoricle@bluefieldstate.edu for PIN Boyd Conference Room- capacity limit to 10 due to COVID-19 guidelines Conley Hall - Room 201 Bluefield State College 219 Rock Street Bluefield, WV 24701 ",Special Meeting of the BSC Board of Governors,
135539,4/10/2020,1:00 PM,State Election Election CommissionWest Virginia Secretary of State's Office,,West Virginia Secretary of State's Office,Consideration of application from ES&S for voting system certification and consideration of requests from candidates to file campaign finance by paper. ,
135576,4/10/2020,3:00 PM,Boone County CommissionBoone County Commission,,"206 Court Street 3rd Floor Madison, WV 25130","Memorandum of Understanding between Boone County Emergency Management Agency Director, Michael Mayhorn and Boone County Board of Health",This is an emergency meeting.
135513,4/13/2020,9:00 AM,STATEWIDE INTEROPERABLE EXECUTIVE COMMITTEE (WV SIEC)WV DIVISION OF HOMELAND SECURITY AND EMERGENCY MANAGEMENT (WV DHSEM),,VIA GO TO MEETING CONFERENCE BRIDGE,"THIS IS THE REGULAR MONTHLY MEETING OF THE WV SIEC COMMITTEES. The agenda is below:Technical committee0900-1000Policy and Training Committee1000  1015Broadband committee 1015  1045Conference Committee 1045  1100Planning committee  1100  1130SIEC EXECUTIVE COMMITTEE MEETING. The agenda is below:CALL TO ORDERQUORUM ESTABLISHEDAPPROVAL OF MINUTESCOMMITTEE REPORTSTECHNICAL Dave SaffelPOLICY   Rodney EvansTRAINING  RC FaulkPLANNING  Bob HogeCONFERENCE Jeff PerryBROADBAND Paul BumpREGION 1 Roy McCallisterREGION 2 Tom HartREGION 3Jeff PolczynskiREGION 4 Fred ChannellREGION 5 John ZilinskiREGION 6 Steve VitivoeNEW BUSINESSOLD BUSINESSNEXT MEETINGADJOURNMENTNOTE: Order of agenda items may change during the meetingTo reserve time to address the WV SIEC, contact:Michael TodorovichWV DHSEM1703 Coonskin DrCharleston, WV  25311304.558.5380MIKE.L.TODOROVICH@WV.GOV",
135551,4/13/2020,11:30 AM,2020 Census West Virginia Complete Count Commission ,,Conference Call 712-770-4010 access code 908-139,Update on Census operations and any emerging health concerns related to COVID-19,
135562,4/13/2020,2:30 PM,West Virginia Board of Osteopathic MedicineWest Virginia Board of Osteopathic Medicine,,Teleconference Call in #:1-877-302-0757 Conference ID #: 3203512,Discussion of WVBOOM COVID-19 response.,This is an emergency meeting.
134924,4/13/2020,4:00 PM,Putnam County Solid Waste Authority,,"Call in: 978-990-5000, Access code 644883 3232 Winfield Road Winfield, WV 25213",Regular meeting,
135577,4/13/2020,5:00 PM,"Speech-Language Pathology & Audiology, WV Board of Examiners for",,Via Video Conference - all members from remote locations To receive instructions to attend contact Patty Nesbitt @ wvbeslpa@wv.gov,Suspension of Rule for School SLPs to provide telepractice  services.,This is an emergency meeting.
135498,4/13/2020,6:00 PM,Board of DirectorsEastern WV Comm Action,,via conference call,Regular Board meeting which serves as the Annual Corporate Meeting.,
135555,4/14/2020,9:00 AM,Racing Commission,,This meeting is by conference call only. The call in information is below: Number 312.757.3111 Access Code 638912285,Consider changes to backstretch retirement account. ,
135511,4/14/2020,9:00 AM,West Virginia Board of Coal Mine Health and SafetyCommerce,,Conference Call,Regular Monthly Meeting,
135582,4/14/2020,10:00 AM,Board of DentistryBoard of Dentistry,,"Board of Dentistry 1319 Robert C Byrd Drive Crab Orchard, WV 25827",All topics are relative to the COVID19 public health crisis.Review letters from the Dental & Dental Hygiene Programs concerning clinical board exams required for licensure for the 2020 graduates.Review what other States have done in regards to clinical board exam requirements for the graduating class of 2020.Review information from regional testing agencies concerning their exams and their approved alternatives. Discuss recommendations for the future return to practice.,This is an emergency meeting.
135316,4/14/2020,11:30 AM,State Conservation CommitteeWest Virginia Conservation Agency,,"Teleconference: 1-202-870-5794, Conference ID 5230472# Gus R. Douglass Agricultural Center at Guthrie, Charleston, WV","Quarterly Meeting - Agenda Items: Previous Minutes, Conservation District Actions, Standing Committee Reports, Continuing and New Business, Conservation Partnership Reports/Delegation/Public Comment. ",
133874,4/14/2020,3:00 PM,Bluefield State College Board of Governors, Development Committee,"Boyd Conference Room (room 201) Conley Hall Bluefield State College 219 Rock St. Bluefield, WV 24701",To consider matters related to institutional development and fund raising,
135415,4/14/2020,3:00 PM,DHHR/BPH,DHHR/BPH Environmental Engineering Division,"West Virginia Bureau for Public Health, Environmental Engineering Division, 350 Capitol Street, Room 345, Charleston, WV","The Bureau for Public Health, Office of Environmental Health Services, will hold a public meeting on April 14, 2020 from 3:00 p.m. to 3:30 p.m. to accept written or oral comments on the proposed July 1, 2018 through June 30, 2019 Draft Intended Use Plan (IUP) (REVISED) for the West Virginia Drinking Water State Revolving Fund (DWTRF) program, including the construction loan fund.  The IUP was revised to update the list of projects requesting DWTRF funding. The meeting will be held at the West Virginia Bureau for Public Health, Environmental Engineering Division, 350 Capitol Street, Room 345, Charleston, WV and is open to the public.A copy of the proposed IUP will be available for public review on or before March 20, 2020 at the following locations:Charleston Central Office(304) 356-4301Wheeling District Office(304) 238-1145Fairmont District Office(304) 368-2530Kearneysville District Office(304) 725-9453Beckley District Office        (304) 256-6666St. Albans District Office(304) 722-0611A copy of the proposed IUP will also be available for public review on the Bureau for Public Health website at http://www.wvdhhr.org/oehs/eed/i&cd/The public may submit written comments by mail, e-mail, facsimile (304-558-0691) or other delivery to:Stephanie D. HickersonBureau for Public HealthOffice of Environmental Health ServicesEnvironmental Engineering Division350 Capitol Street, Room 313Charleston, WV 25301-3713Email: stephanie.d.hickerson@wv.gov  All comments must be received by 12:00 noon, April 20, 2020.Please include your name, return address, e-mail address, daytime telephone number and indicate any organization that you may represent.  Prior to any final action on this IUP, the Bureau for Public Health will address only comments relevant to IUP issues.",
133875,4/14/2020,4:00 PM,Bluefield State College Board of Governors, Planning and Policy Committee,"Boyd Conference Room (room 201) Conley Hall Bluefield State College 219 Rock St. Bluefield, WV 24701",To consider matters related to institutional planning and policy.,
135568,4/15/2020,9:00 AM,Wv Real Estate Commission,,"300 Capitol Street, Suite 400 Charleston, WV 25301 Via video",Regular monthly meeting,
135193,4/15/2020,10:00 AM,Quality Improvement Advisory Council ,Department of Health and Human Resources Bureau for Medical Services ,"Bureau of Senior Services Town Center Mall 3000 Charleston Town Center Charleston, WV 25389",This is a quarterly meeting in which stakeholders meet in order to advise the WV Bureau for Medical Services concerning Intellectual and Developmental Disabilities Waiver Services.,
135549,4/15/2020,11:00 AM,WV Solid Waste Management BoardWV Solid Waste Management Board,,Conference Call 651-369-9486 access code 303661,Regular Board Meeting. The agenda is available on Solid Waste Management Board Facebook or by emailing jayne.a.arthur@wv.gov,
135509,4/15/2020,12:00 PM,Board of GovernorsEastwen WV CTC,,Virtual meeting. See https://www.easternwv.edu/about-eastern/board-governors/board-meetings for Zoom login link.,Regularly scheduled meeting,
135565,4/15/2020,1:30 PM,Board of Governors,West Virginia State University Full Board,Join Zoom Meeting https://zoom.us/j/317699459 Meeting ID: 317 699 459 Dial by your location: 1 646 558 8656 US Meeting ID: 317 699 459 ,Business of the Board of Governors. ,
134725,4/15/2020,3:00 PM,Bluefield State College Board of Governors, Academic Affairs Committee,"Boyd Conference Room Conley Hall Room 201 Bluefield State College 219 Rock Street Bluefield, WV 24701",To discuss matters related to the academic affairs of the institution. ,
135083,4/15/2020,3:00 PM,Governor's Council on Substance Abuse Prevention and Treatment,West Virginia Department of Health and Human Resources Office of Drug Control Policy,Virtual Meeting email Dora.L.Radford@wv.gov for attendance credentials,Regular meeting of the Meeting of Governor's Council on Substance Abuse Prevention and Treatment.,
134726,4/15/2020,4:00 PM,Bluefield State College Board of Governors, Facilities Committee,"Boyd Conference Room Conley Hall Room 201 Bluefield State College 219 Rock Street Bluefield, WV 24701",To discuss matters pertaining to the facilities of the institution. ,
135524,4/16/2020,9:00 AM,Emergency Medical Services Advisory Council,Office of Emergency Medical Sercices WV DHHR/BPH,"RETI Braxton Technology Building 89 Richard D. Minnich Drive Sutton, WV 26601","Due to the COVID 19 Pandemic, the regularly scheduled statutory meeting of the Emergency Medical Services Advisory Council has been cancelled.",
134454,4/16/2020,9:00 AM,Fairmont State University Board of Governors,,"Falcon Center Board Room 1201 Locust Avenue Fairmont, WV 26554",Regular Scheduled Meeting,
135395,4/16/2020,9:30 AM,WV Behavioral Health Planning Council,,"Meeting via Videoconference - Join Zoom Meeting - https://zoom.us/j/534798195 Meeting ID: 534 798 195 One tap mobile +16468769923,,534798195# US Phone only: +1 646 876 9923 Meeting ID: 534 798 195 ",Quarterly Meeting,
135557,4/16/2020,10:00 AM,West Virginia Economic Development AuthorityEconomic Development Authority,,"NorthGate Business Park 180 Association Drive Charleston, WV 25311","Regular monthly meeting.  The board will also consider and take action on matters including but not limited to the following: (1) Second Supplemental Resolution ratifying and affirming the final form of the commitment letter and authorizing and approving the first advance of the proceeds of the loan to the West Virginia Economic Development Authority in an amount of up to $6,000,000 from the West Virginia Water Development Authority acting on behalf of the West Virginia Jobs Development Council to acquire a water line, water tank and related facilities and appurtenances from Roxul USA, Inc.; and making other provision with respect to the loan.(2) Resolution authorizing the Associate Director and the Director of Financial Services of the West Virginia Economic Development Authority to execute and deliver a joint-defense agreement with Roxul USA Inc. and to take other actions in connection with Jefferson County Foundation, Inc. v. West Virginia Economic Development Authority and Roxul USA Inc., d/b/a Rockwool if such civil action is instituted.",
135529,4/16/2020,10:00 AM,WV Board of Registration for Foresters,,Online:Join Zoom Meeting https://wvu.zoom.us/j/892312989 Meeting ID: 892 312 989 Dial by your location     +1 646 558 8656 US (New York)     +1 312 626 6799 US (Chicago) Meeting ID: 892 312 989  ,To carry out business of the WV Board of Registration for Foresters.,
135564,4/16/2020,10:00 AM,WVBOP,WVBOP Legislative Committee,Board Office via conference call,Discuss legislative rules to be submitted,
135158,4/16/2020,11:00 AM,Board of Social Work,,"Board offices at 1124 Smith St., Suite B 200, Charleston WV","To discuss and conduct regular business of the Board, including office operations and fiscal status of the Board, licensure of social workers and provisional social workers, disciplinary matters and continuing education; Board may go into Executive session to address personnel and disciplinary matters",
135575,4/16/2020,12:30 PM,Region 8 Executive Committee , Region 8 Executive Committee Conference Call Meeting,Conference Call Meeting ,Executive Committee Conference Call Meeting ,
135527,4/16/2020,2:00 PM,Investment Management Board, Private Equity Subcommittee Meeting,Virtual Meeting: Please email meetings@wvimb.org to obtain the conference bridge instructions to connect to this meeting.,Consider Investment In:Franklin Park Venture Capital Fund XIIIFranklin Park International Fund XThoma Bravo Fund XIVThoma Bravo Discover Fund IIIThoma Bravo Explore,
135537,4/17/2020,9:00 AM,Higher Education Policy Commission,,By Conference Call,To conduct regular business,
135525,4/17/2020,9:00 AM,Medical Policy Care committee,Office of Emergency Medical Services WV DHHR/BPH,"RETI Braxton Technology Building 89 Richard D. Minnich Drive Sutton, WV 26601","Due to the COVID 19 Pandemic, the regularly scheduled statutory meeting of the Medical Policy Care Committee (MPCC) has been cancelled.",
135499,4/17/2020,9:15 AM,WV State Fire Commission, Fire Commission Meeting,Due to Covid-19 precautions this is a call in meeting only. Dial this number: 605-313-5111 Enter Access Code when requested 237807# Announce your name ,Regularly Scheduled Bi-monthly WV Fire Commission Meeting.,
135311,4/17/2020,9:30 AM,Archives and History Commission,"Department of Arts, Culture and History Archives and History Section","State Historic Preservation Office The Culture Center 1900 Kanawha Boulevard East, Building 9 Charleston, WV 25305-0300",Special meeting to consider historic revitalization grant applications,
135240,4/17/2020,10:00 AM,Library CommissionLibrary Commission,,"WVLC Offices, Childers Room 1900 Kanawha Blvd. E Culture Center Charleston, WV 25305",Regular Meeting,
135571,4/17/2020,12:00 PM,"Physical Therapy, Board of", Full Board,Teleconference-Anyone wishing to attend must contact the Board office.,Discuss disciplinary matters.,
135570,4/17/2020,1:00 PM,National Coal Heritage Area Authority,," Tele-Conference For call-in information, please call (304) 673-4207", To discuss grant applications received,
135553,4/17/2020,3:00 PM,"Registered Professional Nurses, WV Board of Examiners for",,Due to regulations related to the COVID-19 pandemic this meeting being held by conference call 1-888-240-3210 Access Code 9945481 ,"The purpose of this Special Board meeting is to discuss matters related to the WV Board of Examiners for Registered Professional Nurses ongoing response to the COVID-19 pandemic, including review and consideration of the emergency regulatory changes in response to gubernatorial Executive Orders and the current State of Emergency.",
135567,4/17/2020,3:00 PM,West Virginia University Board of Governors, Special Board Meeting,Teleconference: Dial 888-394-8197; Code: 916691,"1. Call to Order; 2. Discuss and act upon matters relating to West Virginia Universitys ongoing response to the COVID-19 pandemic; 3. Possible Executive Session, under authority in West Virginia Code Section 6-9A-4(b)(9) and (12), to discuss confidential legal, personnel, and deliberative matters relating to West Virginia Universitys ongoing response to the COVID-19 pandemic 4. Possible discussion and/or action emanating from Executive Session, if any; and 5. Adjournment. ",
135574,4/17/2020,5:00 PM,"Medicine, Board of ", Executive/Management Committee,"101 Dee Drive, Suite 103 Charleston, WV 25311",The general purpose of this meeting is to discuss and transact business of the West Virginia Board of Medicine.,
135572,4/18/2020,3:00 PM,Calhoun County Solid Waste Authority,,"Cabot Recycling Station 2427 W Little Kanawha Hwy Grantsville, WV 26147",Regular Monthly Meetingteleconference 978-990-5000 access code 850234,
135559,4/20/2020,10:00 AM,West Virginia Racing Commission, Thoroughbred Racing & Greyhound Racing Rule Committees,Telephone conference call meeting. Call in number is 312 757 3111; Access Code: 638912285,To discuss possible rule amendments to Thoroughbred Racing and Greyhound Racing legislative rules for 2021 rulemaking cycle.,
135581,4/20/2020,11:30 AM,2020 Census West Virginia Complete Count Commission,,Conference Call 712-770-4010 access code 908-139,Update on Census operations and any emerging health concerns related to COVID-19. ,
135477,4/20/2020,12:00 PM,WV Statewide Independent Living Council, full council,"Originally scheduled in Wheeling, WV, but COVID-19 forced us to conduct remote meetings. Join the meeting with the info below. Computer: https://zoom.us/j/996395938 Meeting ID: 996 395 938 Dial-in: 1-646-558-8656 Meeting ID: 996 395 938","The West Virginia Statewide Independent Living Council, in cooperation with the West Virginia Centers for Independent Living, is conducting public meetings to receive comments on the draft State Plan for Independent Living for 2021-2023.",
135601,4/20/2020,1:00 PM,Pierpont Board of Governors,Pierpont Community & Technical College Finance and Administration Committee,Teleconference meeting format,Proposed tuition and fees for AY 2020-2021,This is an emergency meeting.
135533,4/20/2020,3:00 PM,Bluefield State College, Ad Hoc Committee on Athletics,"Boyd Conference Room Conley Hall - Room 201 Bluefield State College 219 Rock Street Bluefield, WV 24701 ",To consider matters related to intercollegiate athletics and athletic facilities/marketing at BSC,
135548,4/20/2020,4:00 PM,New River Gorge Regional Development Authority,,Zoom Meeting,Board Meeting,
135558,4/20/2020,7:00 PM,Veterinary Medicine WV Board of, Complaint Committee ,TELECONFERENCE CALL - EXECUTIVE SESSION,TO DISCUSS COMPLAINTS,
135447,4/21/2020,8:00 AM,Board of Governors,Glenville State College Board of Governance Committee,Meeting will be held via teleconference. Telephonic information will be posted on the Colleges BOG Meetings web-site prior to the meeting.,To discuss issues regarding Board Governance.,
135448,4/21/2020,9:00 AM,Board of Governors,Glenville State College Enrollment and Student Life Committee,Meeting will be held via teleconference. Telephonic information will be posted on the Colleges BOG Meetings web-site prior to the meeting.,To discuss issues regarding enrollment and student life.,
135449,4/21/2020,10:00 AM,Board of Governors,Glenville State College Academic Affairs Committee,Meeting will be held via teleconference. Telephonic information will be posted on the Colleges BOG Meetings web-site prior to the meeting.,To discuss issues regarding academic affairs.,
135450,4/21/2020,11:00 AM,Board of Governors,Glenville State College Business and Finance Committee,Meeting will be held via teleconference. Telephonic information will be posted on the Colleges BOG Meetings web-site prior to the meeting.,To discuss issues regarding business and finance.,
135588,4/21/2020,12:00 PM,"Medicine, Board of ", Complaint Committee,"101 Dee Drive, Suite 103 Charleston, WV 25311","The general purpose of this meeting is to discuss and transact business of the West Virginia Board of Medicine, including initiation and evaluation of complaints and disciplinary action relating to medical doctors, podiatric physicians, and physician assistants.",
135451,4/21/2020,1:00 PM,Board of GovernorsGlenville State College,,Meeting will be held via teleconference. Telephonic information will be posted on the Colleges BOG Meetings web-site prior to the meeting.,To discuss regular business of the Board.,
135579,4/21/2020,1:00 PM,Concord University Board of Governors ,,Zoom/ teleconference meeting. ,COVID 19 Response Updates and time sensitive academic action items. A full meeting agenda will be available prior to the BOG meeting on our website: www.concord.edu ,
134857,4/21/2020,2:00 PM,West Virginia Consolidated Public Retirement Board, Disability Review Committee,"4101 MacCorkle Avenue, SE Charleston, WV 25304",To conduct regular business.,
135144,4/21/2020,3:00 PM,MLK State Holiday CommissionHerbert Henderson Office of Minority Affairs,,West Virginia Bureau of Senior Services - 3rd Floor of Town Center Mall,MLK Monthly Meeting,
135580,4/21/2020,3:00 PM,Shepherd University Board of Governors,Shepherd University Finance Committee,"Digital Meeting, probably utilizing Zoom. Details will be posted on the University BoG Meetings web-site, in advance of the meeting.",Regular Meeting:  Review of HR Annual Report; Update on Institutional Finances; Update on Capital Projects,
135342,4/21/2020,6:00 PM,"Public Defender Corporation, 25th Circuit",,"320 Main St. Madison, WV 25130",Regular Meeting,
135504,4/22/2020,8:45 AM,Audit CommitteeWV Housing Development Fund,,Conference Call Phone: 800-804-5051 Conference Number: 8876533 Pin: 2917 ,Regular Meeting,
135491,4/22/2020,9:00 AM,Board of DirectorsWest Virginia Housing Development Fund,,Conference Call Phone: 800-804-5051 Conference Number: 8876533 Pin: 2917,Regular Meeting,
135422,4/22/2020,9:00 AM,"West Virginia Commission on the ArtsWest Virginia Department of Arts, Culture & History",,"The Culture Center 1900 Kanawha Boulevard East Charleston, WV 25301",To review and score Professional Development for Individual Artists grant applications. ,
135280,4/22/2020,10:00 AM,"Accountancy, WV Board of ", Complaint Committee,Via teleconference Please contact Board office at (304) 558-3557 for teleconference details,To review and consider recommendations regarding new and outstanding complaints,
134868,4/22/2020,10:00 AM,West Virginia Consolidated Public Retirement Board, Board of Trustees,"This meeting will be via conference call. The telephone number to call is 800-244-2500, when prompted enter the following participation code - 2870997# (You must enter #) If you have any questions please call 304-957-3540. ",To conduct regular business.,
135545,4/22/2020,12:00 PM,LotteryLottery,,"Conference call. To join, please dial 1-877-278-2734 PIN: 732018.",Set the agenda for the April 2020 monthly business meeting.,
135478,4/22/2020,12:00 PM,WV Statewide Independent Living Council, Full Council,"Originally scheduled in Elkins, WV, but COVID-19 forced us to conduct remote meetings. Join the meeting with the info below. Computer: https://zoom.us/j/550389894 Meeting ID: 550 389 894 Dial-in: 1-646-558-8656 Meeting ID: 550 389 894","The West Virginia Statewide Independent Living Council, in cooperation with the West Virginia Centers for Independent Living, is conducting public meetings to receive comments on the draft State Plan for Independent Living for 2021-2023.",
135584,4/22/2020,1:00 PM,Marshall University Board of Governors,Marshall University Athletic Committee,Teams Meeting Conference Call,Committee Meeting,
135593,4/22/2020,5:00 PM,Board of Governors Special MeetingSouthern WV Community and Technical College,,Join Zoom Meeting https://zoom.us/j/99885867058?pwd=K05ZNFJEZ2RvZlhyTm0ybGhoSUloZz09 Meeting ID: 998 8586 7058 Password: 819311 Dial: 1-646-876-9923 ,Meeting to discuss the Presidential search.,
133647,4/22/2020,5:00 PM,Cabell-Huntington Board of HealthCabell-Huntington Health Department,,"Cabell-Huntington Health Department 703 Seventh Ave Huntington, WV 25701",Regular Meeting,
135497,4/22/2020,6:00 PM,Board of TrusteesMonroe County Health Center,,"Monroe Health Center 200 Health Center Drive Union, WV 24983 Room: Learning Resource Center",Regular monthly Board of Trustee meeting to discuss operations.For a copy of the agenda call:  304-772-3064,
135586,4/23/2020,9:00 AM,Marshall University Board of Governors,Marshall University Academic and Student Affairs Committee,Teams Meeting Conference Call,Committee Meeting,
135585,4/23/2020,9:00 AM,Marshall University Board of Governors,"Marshall University Finance, Audit and Facilities Planning Committee",Teams Meeting conference call,Committee Meeting,
135563,4/23/2020,9:00 AM,WVDOT,WVDOH Materials Control Soils and Testing,"Online Virtual Meeting. To join, contact Dan Brayack - daniel.a.brayack@wv.gov",Materials Procedures Committee Meeting,
135583,4/23/2020,9:30 AM,WV Council for Community and Technical College Education,,Conference Call Meeting 1-646-558-8656 ID: 398-947-7805,Regular Business Meeting,
135541,4/23/2020,10:00 AM,WV Board of Treasury Investments, Audit Committee Meeting,Call-in Meeting: Dial-in number: (681) 245-7133 Conference ID: 833 531 844#,Regular Board Meeting. Agendas are posted at the WVBTI website: www.wvbti.org. All meetings will be held at their scheduled time or immediately upon conclusion of prior meeting.,
135587,4/23/2020,10:30 AM,Marshall University Board of Governors,Marshall University Board Meeting,Teams Meeting Conference Call/Virtual Meeting,Regular Board Meeting,
135542,4/23/2020,10:30 AM,WV Board of Treasury Investments, Investment Committee Meeting,Call-in Meeting: Dial-in number: (681) 245-7133 Conference ID: 833 531 844# ,Regular Board Meeting. Agendas are posted at the WVBTI website: www.wvbti.org. All meetings will be held at their scheduled time or immediately upon conclusion of prior meeting.,
134962,4/23/2020,11:00 AM,Local Workforce Development BoardWorkForce West Virginia ,,"WVDRS Nitro Office 10 McJunkin Road Nitro, WV 25143",To discuss regional activities under the Workforce Innovation and Opportunities Act of 2014.,
135543,4/23/2020,11:30 AM,WV Board of Treasury InvestmentsPersonnel & Governance Committee Meeting,,Call-in Meeting: Dial-in number: (681) 245-7133 Conference ID: 833 531 844# ,Regular Board Meeting. Agendas are posted at the WVBTI website: www.wvbti.org. All meetings will be held at their scheduled time or immediately upon conclusion of prior meeting.,
135544,4/23/2020,11:45 AM,WV Board of Treasury Investments, Quarterly Meeting,Call-in Meeting: Dial-in number: (681) 245-7133 Conference ID: 833 531 844# ,Regular Board Meeting. Agendas are posted at the WVBTI website: www.wvbti.org. All meetings will be held at their scheduled time or immediately upon conclusion of prior meeting.,
135578,4/23/2020,12:00 PM,Board of GovernorsEastern WV CTC,,"Eastern WV CTC 316 Eastern Drive Moorefield, WV 26836",Regularly scheduled meeting.  Virtual meeting.  Zoom link here: https://www.easternwv.edu/about-eastern/board-governors/board-meetings,
135479,4/23/2020,12:00 PM,WV Statewide Independent Living Council, Full Council,"Originally scheduled in Charleston, WV, but COVID-19 forced us to conduct remote meetings. Join the meeting with the info below. Computer: https://zoom.us/j/348664201 Meeting ID: 348 664 201 Dial-in: 1-646-558-8656 Meeting ID: 348 664 201","The West Virginia Statewide Independent Living Council, in cooperation with the West Virginia Centers for Independent Living, is conducting public meetings to receive comments on the draft State Plan for Independent Living for 2021-2023.",
135591,4/23/2020,1:00 PM,Rural Rehabilitation Loan CommitteeWest Virginia Department of Agriculture,,Via Skype Call: To Join: (304)306-8651 Pin: 35681139#,To perform regular business of the West Virginia Department of Agriculture Rural Rehabilitation Loan Program.,
135592,4/23/2020,1:00 PM,State Personnel BoardDivision of Personnel,,This meeting will be conducted telephonically. The public may join the meeting by calling the number that will be posted on the agenda.,Regular monthly meeting of the State Personnel Board. The Agenda may be found on the Division of Personnel website prior to the actual meeting date at www.personnel.wv.gov.,
135103,4/23/2020,1:00 PM,West Virginia Department of Agriculture Rural Rehabilitation Loan CommitteeWV Department of Agriculture,,"2nd Floor Conference Room Guthrie Agricultural Center, Guthrie WV",To conduct regular business of the WVDA Rural Rehabilitation Loan Committee,
135600,4/23/2020,3:00 PM,Public Defender Corp. for the 13th Judicial Circuit,,"816 Quarrier Street, Suite 300 Charleston, WV 25301",To discuss Corporation Business as it relates to our Board of Directors and to vote on pertinent issues.,
135595,4/23/2020,3:00 PM,Shepherd University Board of Governors,Shepherd University Academic & Development Committee,"Digital Meeting, will be conducted using Zoom. Connection instructions will be posted on University website. ",Regular Meeting:  * Approval of New Degree Program in Bachelor of Science in Nutrition; * Approval of the 2019-2020 Academic Program Reviews,
135596,4/23/2020,3:00 PM,Shepherd University Board of Governors,Shepherd University Enrollment / Student/ Community Affairs Committee,"Digital Meeting, will be conducted using Zoom. Connection instructions will be posted on University website. ",Regular Meeting: Campus Safety Annual Data Report,
135594,4/23/2020,4:15 PM,Shepherd University Board of GovernorsShepherd University,,"Digital Meeting, will be conducted using Zoom. Connection instructions will be posted on University website. ","Regular Meeting:  1.  Approval of the Minutes of February 23, 2020 Board Meeting; 2. Approval of New Degree Program in Bachelor of Science in Nutrition; 3. Approval of the 2019-2020 Academic Program Reviews; 4. University Updates- Online Instruction, Graduation Planning, Summer and Fall Enrollment, CARES Act Support, Student Financial Assistance; 5. Presidents Report; 6. Faculty Senate Annual Report; 7. New Degree Program in Bachelor of Science in Nutrition; 8. 2019-2020 Academic Program Reviews;  9. Campus Safety Annual Data Report; 10. Human Resources Annual Report; 11. Institutional Financial and Budget Update; 12. Application for Administratively Exempted Status; 13. New Business",
135554,4/24/2020,3:00 PM,"Registered Professinal Nurses, WV Board of Examiners for",,Due to regulations related to the COVID-19 pandemic this meeting being held by conference call 1-888-240-3210 Access Code 9945481 ,"The purpose of this Special Board  meeting is to discuss matters related to the WV Board of Examiners for Registered Professional Nurses ongoing response to the COVID-19 pandemic, including review and consideration of the emergency regulatory changes in response to gubernatorial Executive Orders and the current State of Emergency.",
135178,4/27/2020,9:00 AM,Veterinary Medicine WV Board of ,,"Teleconference WV BOARD OF VETERINARY MEDICINE 5509 BIG TYLER ROAD, SUITE 3 CROSS LANES, WV 25313","Consideration of disciplinary matters, approval of prior minutes, questions to the Board, new business, and other miscellaneous items.  Disciplinary matters will be done in executive session and will not be open to the public.  The agenda will be posted on our website, www.wvbvm.org, three business days prior to the Board meeting.",
135602,4/27/2020,11:30 AM,2020 Census West Virginia Complete Count Commission,,Conference Call 712-770-4010 access code 908-139,Update on Census operations and any emerging health concerns related to COVID-19,
135609,4/27/2020,1:30 PM,Fairmont State University Board of Governors,,WebEx Meeting,Discuss and act upon matters relating to Fairmont State Universitys ongoing response to the COVID-19 pandemic including funding related to the CARES Act.,This is an emergency meeting.
135466,4/27/2020,2:00 PM,Fairmont State University Board of Governors, Combined Academic Affairs and Enrollment Committee,"1201 Locust Avenue 222 Hardway Fairmont, WV 26554",Combined Academic Affairs and Enrollment Committee Meeting,
135512,4/28/2020,9:00 AM,West Virginia Board of Coal Mine Health and SafetyCommerce ,,Conference Call,Continue work on Series 36,
135603,4/28/2020,9:00 AM,West Virginia Board of Coal Mine Health and SafetyCommerce,,Conference Call,Rule Review,
134542,4/28/2020,9:30 AM,WV Developmental Disabilities Council,,"Holiday Inn-University Area, Morgantown, WV",Regular Quarterly Meeting,
134761,4/28/2020,10:00 AM,Bureau of Senior Services, Aged and Disabled Quality Improvement Advisory Council,"Bureau of Senior Services Conference Room, Third floor, Charleston Town Center Mall",Quarterly Aged and Disabled  Waiver Quality Improvement Advisory Council meeting.,
134659,4/28/2020,10:00 AM,West Virginia Infrastructure & Jobs Development CouncilTechnical & Funding Committees Meeting,,"1009 Bullitt Street Charleston, WV 25301",Technical and Funding Review of new applications and other requests of the Infrastructure Council.,
135598,4/28/2020,10:00 AM,WV Department of Commerce,WV Development Office WV Community Advancement and Development,https://attendee.gotowebinar.com/register/6695704062491782414,To receive comment on the proposed use of Department of Energy Weatherization Assistance Program Grant Funds. ,
135535,4/28/2020,10:00 AM,WV PUBLIC SERVICE COMMISSION, TOWER ACCESS ASSISTANCE FUND REVIEW COMMITTEE (TAAFRC),"WV PUBLIC SERVICE COMMISSION BUILDING HEARING ROOM 2 (1ST FLOOR) 201 BROOK ST CHARLESTON, WV ","THIS IS THE REGULAR MONTHLY MEETING OF THE TAAFRC. The agenda is belowAGENDA FOR 4-281-2020 TOWER ACCESS ASSISTANCE FUND REVIEW COMMITTEE MEETING1.Roll call and determination of whether a voting quorum is present.2.Approval of minutes of previous meeting.  March 31, 20203.3.  Financial report.4.  Media items, if any. 4.WTAAF matters dealt with by any TAAFRC member due to outside contact. Application forwarded to Webster County6.  Status reports regarding uncompleted Projects which have received grant funds:TAF WOOD 18A (BELLEVIEW) TAF DODDRIDGE 18A (WEST UNION) TAF LINCOLN 18A (MIDKIFF) TAF WETZEL 19A (WILEYVILLE)Additional items as appropriate. 7.Next meeting will be held at 10:00 a.m., in the small first floor hearing room of the WVPSC Building (201 Brooks Street, Charleston, WV), on Tuesday , MAY 26, 20208.NOTE: Order and/or subject matter of agenda items may change during the meeting.2019 MEETINGS: (Last Tuesday of Month, except December)  , JUNE 30, 2020, JULY 28, 2020, AUGUST 25, 2020, SEPTEMBER 29, 2020, OCTOBER 27, 2020, NOVEMBER 24, 2020, DECEMBER 15, 2020",
135597,4/28/2020,11:00 AM,"WV Conservation Awards Council, Inc.West Virginia Conservation Agency",,"West Virginia Conservation Agency Office, Teleconference, Charleston, WV","Quarterly Meeting-Agenda Items: January 14, 2020, Meeting Minutes, Financial Report,2020 Audit Bids, 2020 Awards Program, Election of Officers and Appointment of Members, Conflict of Interest Statements",
135365,4/28/2020,11:45 AM,Charleston Area Alliance, Board of Directors,"1116 Smith St. Charleston, WV 25301",Regular meeting,
135610,4/28/2020,2:00 PM,Bluefield State College , Ad Hoc Committee on Athletics,"Boyd Conference Room Conley Hall - Room 201 Bluefield State College 219 Rock Street Bluefield, WV 24701 ",To consider matters related to intercollegiate athletics and athletic facilities/marketing at BSC,
135218,4/28/2020,4:30 PM,"Board of DirectorsPutnam County Development Authority, Inc.",,"971 WV SR 34 Hurricane, WV 25526",Required monthly meeting to conduct business of the authority.,
135607,4/29/2020,11:00 AM,Lottery,Lottery Commission meeting,"The April 2020 commission meeting will be held via conference call - to join, please dial 1-877-278-2734 - PIN: 732018.","Call to Order Approval of Minutes  Reports of the Director and staff.Questions for IGT.The Finance and Audit Committee  Questions regarding March Financial Statements  The Games, Rules, Security and Marketing Committee  Approval of hardware and software of licensed or permitted video lottery terminal manufacturers.Unfinished BusinessReview and possible approval of NSF issues for State Line Cafe' and More, dba Starz Hot Spot Point Marion relative to Lottery Commission Policy Statement 20-1.New BusinessReview and possible approval of I-Gaming Rule.Possible approval of Sightline Payments, LLC as sports wagering supplier.Possible approval of Don Best Sports Corporation as sports wagering supplier. Review of recent meeting of Human Resource Benefit Advisory Board. Choose the date and location for the May 2020 Commission meeting.  Adjourn.",
134444,4/29/2020,2:00 PM,Fairmont State University Board of Governors, Finance Committee,"1201 Locust Avenue 219 Hardway Fairmont, WV 26554",Regular Scheduled Meeting,
135614,4/29/2020,2:00 PM,West Virginia Board of ArchitectsWest Virginia Board of Architects,,"Meeting by Teleconference originating from the Board Office at 405 Capitol Street, Mezzanine Suite 3 Charleston, WV 25301 To participate in the meeting, contact Emily Papadopoulos at Emily.B.Papadopoulos@wv.gov ",Discussion of procurement of online licensing system and budget for FY2021,
135611,4/29/2020,6:00 PM,Board of GovernorsSouthern WV Community and Technical College,,Zoom/Teleconference Meeting Zoom: https://zoom.us/j/97839097844 Meeting ID: 978 3909 7844 Dial-in only: 1-646-876-9923,Regular scheduled Board of Governors meeting.  The agenda will be posted prior to the meeting at www.southernwv.edu,
134597,4/30/2020,9:00 AM,LEPS Subcommittee,JCS-DAS LEPS Subcommittee,"Professional Development Center West Virginia State Police Academy 123 Academy Drive Dunbar, WV 25064 (304) 766-5847",To address matters relating to the certification and training of law enforcement officers,
135423,4/30/2020,9:00 AM,"West Virginia Commission on the ArtsWest Virginia Department of Arts, Culture & History",,"The Culture Center 1900 Kanawha Boulevard East Charleston, WV 25301",To review and score Arts Partners grant applications ,
135413,4/30/2020,10:00 AM,West Virginia Children's Health Insurance BoardWest Virginia Children's Health Insurance Agency,,"Teleconference Call will orginate from: One Davis Square Room 93 Charleston, WV 25301",Regular Quarterly Meeting -Approval of 1/30/2020 meeting minutesDirector's ReportReview of Financial StatementsReview of Quarterly Actuarial ReportOther BusinessPublic Comment*This is the preliminary agenda as of the date submitted to Secretary of States Office.The final agenda will be posted on our website at www.chip.wv.gov no later than three days prior to the meeting.,
135522,4/30/2020,12:00 PM,MERCER COUNTY COMMUNICATIONS CENTER AUTHORITY BOARD (9-1-1),,"MERCER COUNTY COMMUNICATIONS CENTER (9-1-1) 911 SHELTER RD PRINCETON, WV 24739-7701 ",THIS IS THE REGULAR MONTHLY MEETING OF THE 9-1-1 AUTHORITY BOARD,
135612,4/30/2020,4:30 PM,"Medicine, Board of ", Licensure Committee,"101 Dee Drive, Suite 103 Charleston, West Virginia 25311","The general purpose of this meeting is to discuss and transact business of the West Virginia Board of Medicine, which includes licensure of medical doctors, podiatric physicians and physician assistants.",
135599,4/30/2020,5:00 PM,West Virginia Northern Community College Board of Governors,,"Due to the Coronavirus virus, this will be a Zoom meeting. ",Monthly meeting: Call to Order; Roll Call; Student Presentation; Approval of draft minutes (2/27/20 & 2/26/20); President's Report; Action Items - FY 2021 Budget; CARES Act Funding; Academic Program Reviews; BOG Rules Updates Administrative Reports - Financial Update; Administrative Services Update; Old Business; New Business; Executive Session - Personnel & Real Estate; Adjourn,
135618,5/1/2020,8:30 AM,West Virginia University Board of Governors, Joint Finance and Facilities and Revitalization & Strategic Plans and Initiatives Committee Meeting,Teleconference: Dial 888-394-8197; Code: 916691,"1. Call to Order; 2. Potential Executive Session under authority in West Virginia Code Sections 6-9A-4(b)(2)(A), (b)(9), and (b)(12) to discuss confidential, preliminary summary of the following: a. Matters relating to improvements to, or potential contractual relationships regarding facilities, infrastructure, and real property; b. Matters relating to potential strategic initiatives relating to public private partnerships, corporate partnerships, partnerships with entities affiliated with the University, and legislative matters; c. Matters regarding 2020-2021 academic year and budgets; and d. Legal, personnel, and deliberative matters relating to West Virginia Universitys ongoing response to the COVID-19 pandemic.  Rise from Executive Session; 3. Possible discussion and/or action emanating from Executive Session  if any; and 4. AdjournmentOther items may become apparent or need attention and may be added to the business agenda of the meeting; attention is called to the fact that the agenda of the meeting will be available three days in advance by calling 304-293-2562 or at the website: http://bog.wvu.edu/ - items of interest may be added to the agenda up to 48 hours prior to the date of meeting.",
135605,5/1/2020,10:00 AM,Board of GovernorsWest Virginia School of Osteopathic Medicine,,Teleconference: 1-855-749-4750 (toll free) 1-415-655-0001 (toll) Access code: 27961387,Regularly scheduled meeting,
135248,5/1/2020,10:00 AM,Department of Health and Human ResourcesWest Virginia Commission for the Deaf and Hard of Hearing,,"Parkersburg & Wood County Public Library Summers Auditorium 3100 Emerson Avenue Parkersburg, WV 26104",Quarterly Board Meeting,
135624,5/1/2020,11:00 AM,WV Board of Examiners in Counseling (WVBEC),,"Teleconference - To participate, please send an email request to counselingboard@msn.com and the participation code will be provided.", Approve/finalize FY2021 budget,This is an emergency meeting.
135619,5/1/2020,12:00 PM,West Virginia University Board of Governors, Regular Meeting,This meeting will be conducted remotely with participant information posted to the WVU Board of Governors website prior to the meeting ,"1. Call to Order; 2. Academic Affairs Updates; 3. Proposed Final Amended Rules Submitted for Adoption of:  West Virginia University Board of Governors Faculty Rule 4.2  Appointment, Promotion, Tenure, and Dismissal for Cause; and West Virginia University Board of Governors Faculty Rule 4.7  Reduction in Force; 4. Board presentation and potential discussions or action related to tuition and fees for the 2020-2021 academic year; 5. Board presentation and potential discussions or action related to personnel actions, including reductions in force on a temporary basis; 6. Approval of minutes of the February 28, 2020 Regular Meeting, March 18, 2020 Emergency Meeting, April 2, 2020 Special Meeting and April 17, 2020 Special Board Meeting; 7. May 1, 2020 Joint Finance and Facilities and Revitalization/Strategic Plans and Initiatives Committee Meeting Report;  8. Presidents Report; 9. Information Items (Written Only) for a. Anthropology Program has been moved to a separate Degree Program in accordance with Institutional and Federal Definitions and Reporting, b. Criminology Program was an existing major within the Sociology and Anthropology Program that has been moved to a separate Degree Program in accordance with Institutional and Federal Definitions and Reporting, c. Russian Studies Program was an existing major within World Languages, Literature, and Linguistics Program that has been moved to a separate Degree Program in accordance with Institutional and Federal Definitions and Reporting, and d. Confirmation of Previously Approved Naming Opportunity (Loulie, Valerie and William Canady Creative Arts Center); 10 Consent Agenda (for Board Review and Action) for: a. Approval of New Graduate Certificate in Adult Gerontology Acute Care in the School of Nursing, b. Approval of New Graduate Certificate in Health Data Science in the School of Public Health, c. Approval of New Graduate Certificate in Linguistics, Spanish, and TESOL (Teaching English to Speakers of Other Languages) in the Eberly College of Arts and Sciences, d. Approval of Change in Name of Degree Program and Major: Change the title of the current Master of Science Degree Program and Major in Industrial Relations to Human Resource Management, e. Approval of New Major: Youth and Family Sciences, f. Approval of New Degree Program:  Integrated Marketing Communications, and g. Appointment to County Extension Committees; 11. Appointment of Nominating Committee to present slate of officers for June, 2020 meeting; 12. Other Business and General Discussion; and 13. Adjournment.Other items may become apparent or need attention and may be added to the business agenda of the meeting; attention is called to the fact that the agenda of the meeting will be available three days in advance by calling 304-293-2562 or at the website: http://bog.wvu.edu/ - items of interest may be added to the agenda up to 48 hours prior to the date of meeting.",
135258,5/1/2020,3:00 PM,Dentistry, Anesthesia Subcommittee,"Courtyard by Marriott 30 Shaner Drive Bridgeport, WV 26330","Annual business meeting. Including, but not limited to approval of minutes, roster of anesthesia committee, evaluations and inspections due for 2020, a review of emergency drug and equipment requirements and other miscellaneous agenda items.",
135560,5/4/2020,9:00 AM,WV RE Appraiser Licensing and Certification Board, Standards/Upgrades Committee,VIA Conference Call,"To consider allegations, complaints, and upgrade applications.",
135637,5/4/2020,11:00 AM,Pierpont Board of Governors,Pierpont Community & Technical College Executive Officers Nominating Committee,Zoom conference call,"Executive Session to discuss Covid-19 planning, Cares Act, and budget.",This is an emergency meeting.
135626,5/4/2020,11:30 AM,2020 Census West Virginia Complete Count Commission,,Conference Call 712-770-4010 access code 908-139,Update on Census operations.,
135622,5/4/2020,12:00 PM,"Physical Therapy, Board of", Full Board,Teleconference- Anyone wishing to attend must contact the Board office.,Disciplinary cases and other Board related agenda items.,
135625,5/4/2020,3:00 PM,WV Council for Community and Technical College Education,,"To join the call, please dial: 1-646-558-8656, using this ID: 398 947 7805",Approval of presidential appointment and compensation at Southern WV Community and Technical College,
135291,5/5/2020,11:00 AM,WV Board of Professional Surveyors WV Board of Professional Surveyors ,,"WVBPS Office Charleston, WV ",Regularly scheduled Board Meeting and Complaint Review.  Agenda available three (3) business days prior to the meeting by contacting the Board Office. ,
135629,5/5/2020,12:00 PM,WV Board of Examiners of PsychologistsWV Board of Examiners of Psychologists,,Due to COVID-19 this meeting will be held via Zoom. ,Video conference to complete some usual Board business and to conduct oral examinations.  Agenda provided 3 days prior to meeting on the Board's webpage.  ,
135608,5/5/2020,1:00 PM,Justice & Community Services, Community Corrections Subcommittee,Conference Call,Third FY 2020 Quarterly Meeting Conference Call,
134729,5/5/2020,4:00 PM,Bluefield State College Board of Governors, Executive/Budget and Finance Committee,"Boyd Conference Room Conley Hall - Room 201 Bluefield State College 219 Rock Street Bluefield, WV 24701","To discuss matters pertaining to the executive, budget and finance operations of institution. ",
135202,5/6/2020,9:30 AM,"Accountancy, WV Board of",,"Via teleconference. For anyone who would like to join the public session of the Board meeting, please call (304) 558-3557 and leave your name and number. Board staff will return your call and provide call-in information.",Quarterly meeting to review and take action on regularly scheduled business,
134647,5/6/2020,9:30 AM,West Virginia Infrastructure & Jobs Development CouncilCouncil Meeting ,,"1009 Bullitt Street Charleston, WV 25301","Monthly Council Meeting to review water, sewer, economic development and other requests and to conduct monthly Council Business.",
135561,5/6/2020,10:00 AM,WV RE Appraiser Licensing and Certification Board,,VIA Conference Call,Regular monthly meeting.,
133771,5/6/2020,11:30 AM,Board of GovernorsBlue Ridge CTC,,Meeting being held via Zoom https://brctc.zoom.us/j/96006716645 Meeting ID: 960 0671 6645,Board of Governors Meeting,
135621,5/6/2020,2:00 PM,Regional Intergovernmental Council, Comprehensive Economic Development Strategy (CEDS) Committee Meeting,"Join meeting from your computer, tablet or smartphone. https://global.gotomeeting.com/join/613425541  You can also dial in using your phone. United States: +1 (872) 240-3212  Access Code: 613-425-541  ",To review and update current goals & objectives and proposed projects for the CEDS 2020 Update along with an annual mitigation review.,
135424,5/7/2020,9:00 AM,"West Virginia Commission on the ArtsWest Virginia Department of Arts, Culture & History",,"The Culture Center 1900 Kanawha Boulevard East Charleston, WV 25301",To review and score Arts in Education grant applications ,
134886,5/7/2020,10:00 AM,Olmstead CouncilDHHR,,"Bureau of Senior Services, 3003 Charleston Town Center, Charleston, WV 25389",Regular council meeting,
135638,5/7/2020,10:00 AM,Underground Facilities Damage Prevention Board,,"206 Berkeley Street Charleston, WV 25302",Regular Meeting,
134362,5/7/2020,10:00 AM,WV Ethics Commission,,"Via conference call to join, dial (517) 308-6068 PIN:  52019837# ","Consider advisory opinion requests, contract exemptions, employment exemption requests, investigative matters and miscellaneous items.  The agenda is available on Friday before the meeting at the Commission's office and online at ethics.wv.gov.",
135181,5/7/2020,12:00 PM,Hatfield McCoy TrailsHatfield McCoy Regional Recreation Authority,,"Hatfield McCoy Trails administrative office located at 180 Appalachian Outpost Trail, Man WV.",Quarterly Meeting,
135615,5/7/2020,1:00 PM,WVDOH Publications Committee,Division of Highways Enginering Division,Microsoft Teams Meeting,"To present, discuss, and act on proposed changes to certain Design Directives and Standard Detail Sheets",
135631,5/7/2020,2:00 PM,West Virginia Women's Commission ,DHHR Office of the Secretary,"By phone 877-278-2734, pin 755604",Quarterly Meeting,
135573,5/7/2020,6:00 PM,Board of Governors,New River Community and Technical College Board of Governors,The meeting will be broadcast over Zoom. Please see the meeting details below. Conference Number: 1-929-436-2866 Meeting ID: 599 003 440,Regularly schedule Board of Governors meeting.  The agenda will be posted prior to the meeting at www.newriver.edu.,
135589,5/8/2020,9:00 AM,Board of GovernorsBridgeValley Community & Technical College,,Via Online Video Conference Please email amy.moore@bridgevalley.edu for access instructions,Regular Scheduled Meeting,
135566,5/8/2020,10:00 AM,Board of Governors,West Virginia State University Committees of the Board of Governors,Zoom Meeting Join Zoom Meeting https://zoom.us/j/993243513 Meeting ID: 993 243 513 Dial by your location +1 646 558 8656 US Meeting ID: 993 243 513 ,The business of the Committees and Full Board.,
135632,5/11/2020,9:00 AM,STATEWIDE INTEROPERABLE EXECUTIVE COMMITTEE (WV SIEC)WV DIVISION OF HOMELAND SECURITY AND EMERGENCY MANAGEMENT (WV DHSEM),,"Via go to meeting conference bridge Please join my meeting from your computer, tablet or smartphone. https://global.gotomeeting.com/join/628406485 ","This is the regular monthly meeting of the WV SIEC committees and Executive CommitteeMonday, May 11th, 2020 SIEC Meeting  ONLINE ONLY  Monday Time:  09:00 to 16:00 Location:      Online Only 0900  1030 = Technical1030  1040 = Break1040  1100 = New & Emerging Tech1100  1110 = FirstNet Report1110  1130 = Conference1130  1200 = Policy1200  1300 = Lunch Break1300  1400 = SCIP Plan Working Group (Training plus all others for input)1400  1450 = TICP Initial Draft Review  (Training plus all others for input)1450  1500 = Break 1500  1530 = Planning1530  1600 = SIEC Meeting (probably like last month, no need to rehash and repeat earlier day discussions) To reserve time to address the WV SIEC, contact:GE McCabeWV DHSEM1703 Coonskin DrCharleston, WV  25311304.558.5380GE.MCCABE@WV.GOV",
135658,5/11/2020,12:30 PM,Investment Management Board, Personnel Committee,"WV Investment Management Board 500 Virginia Street, East - Suite 200 Charleston, WV 25301",Reapprove Committee Charter; Consider Adjustments to Staff Salary Ranges and Positions; Consider Change in Title for General Counsel; Executive Staff Review,
134927,5/11/2020,4:00 PM,Putnam County Solid Waste Authority,,"3232 Winfield Road Winfield, WV 25213",Regular meeting,
134571,5/12/2020,12:00 AM,Wheeling-Ohio County Board of HealthWheeling-Ohio County Health Department,,City County Building 1st Floor,Regular Board of Health Meeting,
135425,5/12/2020,9:00 AM,"West Virginia Commission on the ArtsWest Virginia Department of Arts, Culture & History",,"The Culture Center 1900 Kanawha Boulevard East Charleston, WV 25301",To review and score Community Arts grant applications. ,
135657,5/13/2020,9:00 AM,West Virginia Board of Education,Education WVBE Resource Committee,"Capitol Building 6, Room 351 1900 Kanawha Boulevard, East Charleston, West Virginia ","The West Virginia Board of Education Resource Committee will meet to discuss financial and associated matters. The agenda for this meeting will be posted at https://wvde.us/state-board-of-education/agendas/ at least three business days prior to the meeting. In accordance with current guidelines and best practices recommended by federal and state health officials, only required staff will be permitted in the meeting room. Instructions regarding the delegations portion of the agenda will be published in the agenda.",
135613,5/13/2020,10:00 AM,West Virginia Board of EducationEducation,,"Capitol Building 6, Room 353 (Teleconference Meeting) 1900 Kanawha Boulevard, East Charleston, West Virginia ","The West Virginia Board of Education  will meet via teleconference to conduct routine/necessary business. The agenda for this meeting will be posted at https://wvde.us/state-board-of-education/agendas/ at least three business days prior to the meeting. A live audio stream of the meeting will be available at http://wvde.state.wv.us/boe/live.html.In accordance with current guidelines and best practices recommended by federal and state health officials, only required staff will be permitted in the meeting room. Instructions regarding the delegations portion of the agenda will be published in the agenda.",
135606,5/13/2020,12:00 PM,Public Defender Corp for the 9th Judicial Circuit,Public Defender Corp for the 9th Judicial Circuit Board of Directors,Conference Room Public Defender Office 1460 E. Main Street Princeton WV 24740,Regular Board Meeting,
134455,5/14/2020,9:00 AM,Fairmont State University Board of Governors,,"Falcon Center Board Room 1201 Locust Avenue Fairmont, WV 26554",Regular Scheduled Meeting (Budget Meeting),
135426,5/14/2020,9:00 AM,"West Virginia Commission on the ArtsWest Virginia Department of Arts, Culture & History",,"The Culture Center 1900 Kanawha Boulevard East Charleston, WV 25301",To review and score Community Arts grant applications ,
135590,5/14/2020,10:00 AM,Special Reclamation Fund Advisory CouncilDepartment of Environmental Protection,,"Due to COVID-19 and non-gathering restrictions, the meeting will be held remotely. To join via phone, dial: +1 681-245-6817 then enter:  Conference ID: 333 246 316# ",Quarterly Progress Meeting,
134584,5/14/2020,10:00 AM,Traumatic Brain Injury Waiver QIA, BMS-HCBS Unit,"WV Bureau of Senior Services 3000 Charleston Town Center Mall 3rd Flr Charleston, WV 25389",Advise the TBI Waiver program manager about the program.,
134794,5/14/2020,2:00 PM,Medical Imaging & Radiation Therapy Technology Board of Examiners , Ethics and Finance Comittee Meetins,"Albert T Summers Center 1124 Smith Street, Suite B-300 Charleston, WV 25304 1-304-558-4012 www.wvrtboard.org ",Regularly scheduled Board Meeting.  Open to the Public.  Agenda available prior to the meeting. 1-304-558-4012.  www.wvrtboard.org,
134730,5/14/2020,4:00 PM,Bluefield State College Board of Governors,,"Boyd Conference Room Conley Hall - Room 201 Bluefield State College 219 Rock Street Bluefield, WV 24701 ",Regular meeting of the BSC Board of Governors,
135644,5/14/2020,7:00 PM,Doddridge County Solid Waste Authority,,"DCSWA Office 1117 Rt 18N West Union, WV 26456",Monthly meeting,
135645,5/14/2020,7:00 PM,Doddridge County Solid Waste Authority,,"DCSWA Office 1117 Rt 18N West Union, WV 26456",Monthly meeting,
134841,5/15/2020,9:00 AM,WV Commission for National Community SesrviceVolunteer West Virginia,,Eastern Panhandle,Commission Retreat,
134847,5/19/2020,9:00 AM,WV Board Registration for Professional EngineersWV Board Registration for Professional Engineers,,"300 Capitol Street, Suite 910 Charleston, WV 25301","To conduct a regularly scheduled Board Meeting to consider meeting minutes, budgetary matters, complaints, personnel matters, applications, state and national/NCEES issues, and other miscellaneous items. An agenda will be available at least 3 business days prior to the meeting by contacting the Board office.",
135076,5/19/2020,10:00 AM,SERCDHSEM,,"WV DEP Headquarters, 301 57th Street, Charleston, WV in the West Virginia Room, #3001 on May 19, 2020 at 10:00am",Regular Bi-Monthly meeting,
135635,5/19/2020,1:00 PM,Board of Funeral Service Examiners,,"179 Summers Street, Suite 319 Charleston, WV 25301","o conduct regular board business to include but not limited to review complaints, financial reports, legislative updates, approve licenses, etc.",
135633,5/19/2020,1:00 PM,Rural Rehabilitation Loan CommitteeWV Department of Agriculture,,Microsoft TEAMS Meeting (304)306-8651 Conference ID: 517 632 708#,To discuss regular business of the WVDA Rural Rehabilitation Loan Committee,
135145,5/19/2020,3:00 PM,MLK State Holiday CommissionHerbert Henderson Office of Minority Affairs,,West Virginia Bureau of Senior Services - 3rd Floor of Town Center Mall,MLK Monthly Meeting,
135219,5/19/2020,4:30 PM,"Board of DirectorsPutnam County Development Authority, Inc.",,"971 WV SR 34 Hurricane, WV 25526",Required monthly meeting to conduct business of the authority.,
135427,5/20/2020,9:00 AM,"West Virginia Commission on the ArtsWest Virginia Department of Arts, Culture & History",,"The Culture Center 1900 Kanawha Boulevard East Charleston, WV",To review and score Cultural Facilities and Capital Resources grant applications ,
135308,5/20/2020,11:00 AM,WV Department of Administration,Cabinet Secretary's Office Governor's Committee for the Purchase of Commodities and Services from the Handicapped," Building 1, Room E-131 Capitol Complex 1900 Kanawha Blvd., East Charleston, West Virginia",Regularly scheduled meeting of the Governor's Committee for the Purchase and Services from the Handicapped.,
135213,5/21/2020,9:00 AM,Chiropractic BoardChiropractic Board,,"Fairfield Inn & Suites by Marriott 402 2nd Avenue South Charleston, WV 25303",Board Meeting!Consider complaints; Review PCard Expenditures; Review Budget & Cash Balance; Discuss Daily Operations of Board!  Agenda available upon request!,
135264,5/21/2020,9:00 AM,Chiropractic Board of West VirginiaChiropractic Board of West Virginia,,"Fairfield Inn & Suites by Marriott 402 2nd Avenue South Charleston, WV 25303","Board Meeting scheduled to consider complaints, review budget and purchasing card expenditures and review 2020 legislation.  Agenda will be made available three days prior to the meeting.  ",
134449,5/21/2020,9:00 AM,Fairmont State University Board of Governors, Executive Committee,"1201 Locust Avenue 222 Hardway Fairmont, WV 26554",Regular Scheduled Meeting,
134795,5/21/2020,2:00 PM,Medical Imaging & Radiation Therapy Technology Board of Examiners ,,"Albert T Summers Center 1124 Smith Street, Suite B-300 Charleston, WV 25304 ",Regularly scheduled Board Meeting.  Open to the Public.  Agenda available prior to the meeting. 1-304-558-4012.  www.wvrtboard.org,
135361,5/27/2020,10:30 AM,SAFE Commission,Division of Administrative Services  Justice and Community Services ,"1124 Smith St. Ste. 3100 Charleston, WV 25301",Quarterly SAFE Commission Meeting ,
134660,5/27/2020,11:00 AM,West Virginia Infrastructure & Jobs Development CouncilTechnical & Funding Committees Meeting,,"1009 Bullitt Street Charleston, WV 25301",Technical and Funding Review of new applications and other requests of the Infrastructure Council.,
133648,5/27/2020,5:00 PM,Cabell-Huntington Board of HealthCabell-Huntington Health Department,,"Cabell-Huntington Health Department 703 Seventh Avenue Huntington, WV 25701",Regular Meeting,
134599,5/28/2020,9:00 AM,LEPS Subcommittee,JCS-DAS LEPS Subcommittee,"Professional Development Center West Virginia State Police Academy 123 Academy Drive Dunbar, WV 25064 (304) 766-5847",To address matters relating to the training and certification of law enforcement officers,
135604,5/28/2020,9:00 AM,West Virginia Board of Coal Mine Health and SafetyCommerce,,Conference Call ,Rule Review,
134963,5/28/2020,11:00 AM,Local Workforce Development BoardWorkForce West Virginia ,,"WVDRS Nitro Office 10 McJunkin Road Nitro, WV 25143",To discuss regional activities under the Workforce Innovation and Opportunities Act of 2014.,
134440,5/28/2020,4:00 PM,Fairmont State University Board of Governors, Athletic Affairs Committee Meeting,"1201 Locust Avenue 219 Hardway Fairmont, WV 26554",Regular Scheduled Meeting,
135569,5/31/2020,1:00 PM,Natural Resources Commissiom,Commerce Division of Natural Resources,"Stonewall Resort 140 940 Resort Drive Roanoke, WV",Quarterly Meeting,
135623,5/31/2020,1:00 PM,Natural Resources Commission,Department of Commerce Division of Natrual Resources,"Stonewall Resort 940 Resort Rd. Roanoke, WV 26447",Quarterly Natural Resources Commission Meeting ,
135659,5/4/2020,2:30 PM,WV Board of Osteopathic MedicineWV Board of Osteopathic Medicine,,Teleconference: 1-877-302-0757 Conference ID: 3203512# ,Consideration of guidance and best practices for licensees pursuant to Executive Order 30-20.,This is an emergency meeting.
135660,5/20/2020,6:00 AM,Board of TrusteesMonroe County Health Center,,BOT meeting will be held virtually due to the COVID-19 pandemic. for more information call 304-772-3064,The Monroe County Health Center Board of Trustees regular monthly meeting to discuss operations.,
